{
    "lpcnet_min": [
        -12.48528003692627,
        -9.568708419799805,
        -3.8848769664764404,
        -4.474944591522217,
        -3.832615852355957,
        -3.4394047260284424,
        -3.059124231338501,
        -2.6685876846313477,
        -2.2313013076782227,
        -2.517427921295166,
        -2.8225882053375244,
        -1.4435935020446777,
        -1.6649354696273804,
        -1.1330020427703857,
        -1.190813422203064,
        -1.4456195831298828,
        -1.2516509294509888,
        -1.0372660160064697,
        -1.340000033378601,
        -0.6693488955497742
    ],
    "lpcnet_max": [
        15.67803955078125,
        7.100001811981201,
        5.986608028411865,
        5.798823833465576,
        3.6745052337646484,
        3.6964733600616455,
        2.412032127380371,
        2.52594256401062,
        2.336116313934326,
        2.190307855606079,
        1.2779945135116577,
        2.363051176071167,
        1.2936352491378784,
        1.404232382774353,
        1.3840084075927734,
        0.9874591827392578,
        1.1906242370605469,
        1.0386236906051636,
        3.0999999046325684,
        0.49506664276123047
    ],
    "lpcnet_mean": [
        -4.167238235473633,
        0.4955798387527466,
        0.2398684173822403,
        0.43443921208381653,
        0.12704874575138092,
        -0.039474006742239,
        -0.18245072662830353,
        0.0944857969880104,
        -0.005642164498567581,
        -0.02341756597161293,
        -0.16449493169784546,
        0.08407511562108994,
        -0.10627186298370361,
        0.04271755740046501,
        0.010063884779810905,
        -0.031296100467443466,
        -2.4171586119337007e-05,
        0.010659350082278252,
        1.124867558479309,
        -0.3058861792087555
    ],
    "lpcnet_std": [
        10.347989082336426,
        1.6831895112991333,
        0.8646165132522583,
        1.0384953022003174,
        0.6737685203552246,
        0.5166727304458618,
        0.48853784799575806,
        0.3745027482509613,
        0.3423463702201843,
        0.30449730157852173,
        0.34003251791000366,
        0.25006529688835144,
        0.25242170691490173,
        0.17376931011676788,
        0.17220580577850342,
        0.15759603679180145,
        0.15046903491020203,
        0.145422101020813,
        1.0317736864089966,
        0.2674156427383423
    ]
}